{"train_loss": [0.1652528177946806, 0.03531809689270125, 0.030979111169775326, 0.030765139911737707, 0.03075538430776861, 0.03063857379472918, 0.03057873745759328, 0.030561538827088144, 0.030464861335025892, 0.0305675207119849, 0.03041506755269236, 0.030418975485695735, 0.030385322247942288, 0.030633309856057167, 0.030475555401709344, 0.03060176440825065, 0.03047992682291402, 0.030550215082863968, 0.03036211534506745, 0.03041061448554198], "val_loss": [0.050143225491046904, 0.03282117173075676, 0.032286764681339265, 0.032128221541643145, 0.03207126446068287, 0.03203636109828949, 0.032022417336702344, 0.032005689293146136, 0.032008587196469304, 0.032004164159297945, 0.03199255615472794, 0.031972933933138846, 0.03199891522526741, 0.031979287043213844, 0.031975070387125014, 0.03195878639817238, 0.03197992593050003, 0.03197065070271492, 0.03197144046425819, 0.03195393532514572]}