{
  "pre_rlhf": {
    "mean_reward": 0.3912260837852955,
    "std": 0.9223762754024376,
    "rewards": [
      0.0,
      0.22828549146652222,
      0.20830707252025604,
      0.22828549146652222,
      0.0,
      3.1432292461395264,
      0.0,
      0.0,
      0.0,
      0.10415353626012802
    ]
  },
  "post_rlhf": {
    "mean_reward": 0.45157467424869535,
    "std": 1.1482825901403728,
    "rewards": [
      0.0,
      0.0,
      0.0,
      0.0,
      0.3277648687362671,
      0.31246069073677063,
      0.0,
      0.0,
      3.875521183013916,
      0.0
    ]
  },
  "improvement": 0.060348590463399854
}