{"train_loss": [5.933867171004012, 4.974369654784331, 4.287207210386121, 3.614758671940984, 3.2761759049183614, 2.890114152753675, 2.4088477057379647, 2.1488260062965185, 2.018374194970002, 1.9363860052985113, 1.8878566252218711, 1.859507116111549, 1.826448198911306, 1.811644686234964, 1.7801753024797182, 1.749673894933752, 1.715914300970129, 1.691732271297558, 1.660935360032159, 1.6382744247848924], "val_loss": [5.3863676770528155, 4.566817334493002, 3.8455326239267986, 3.3696885871887208, 3.0910902786254884, 2.516598513921102, 2.1989034589131675, 2.0754287592569987, 1.954035857518514, 1.9303830734888712, 1.8974457438786825, 1.895822637875875, 1.8996706215540569, 1.8803379519780477, 1.8860500812530518, 1.8641224527359008, 1.8491927274068196, 1.8534670035044352, 1.850252054532369, 1.8443881559371949], "train_ppl": [377.61198398042, 144.65761216962755, 72.76297279685488, 37.14238134519036, 26.474338488847327, 17.995363704627593, 11.121138934422754, 8.574785741248542, 7.526079044478535, 6.933647470781118, 6.605196087180913, 6.420571395216396, 6.2117844077388975, 6.120505469902683, 5.930896028246111, 5.752726376870796, 5.561758309422126, 5.428876851992498, 5.264232495006279, 5.146281550123663], "val_ppl": [218.4086123767687, 96.2373306114507, 46.7835957786054, 29.069473041779606, 22.001052181038013, 12.38639278369304, 9.01512262518884, 7.967962064240728, 7.05711168143594, 6.89214993587232, 6.668838747053493, 6.658023294538762, 6.683692615395197, 6.555720006407573, 6.5932742819017935, 6.450272982213543, 6.354687486358473, 6.381907306261143, 6.361422745978924, 6.324229164347008]}