{"train_loss": [0.16905597183439466, 0.03534348433216413, 0.0312542917413844, 0.030876135764022667, 0.030717760738399293, 0.030614483894573316, 0.030649704444739554, 0.030706785515778594, 0.03070719312462542, 0.030544991087582376, 0.030515760597255494, 0.030455069823397532, 0.0303456112742424, 0.030639233481552865, 0.030436010306908026, 0.0304027342547973, 0.0305337014918526, 0.03058330797486835, 0.03046481352713373, 0.03053354751318693, 0.030511373860968485, 0.030417353225251038, 0.030588754556245275, 0.030589281477861933, 0.030459521131383047], "val_loss": [0.04898739084601402, 0.033013902604579926, 0.03244092389941215, 0.03223578929901123, 0.03214695230126381, 0.032118652015924454, 0.03205407187342644, 0.03205457367002964, 0.032036992534995076, 0.03203323297202587, 0.032006575167179106, 0.03202195055782795, 0.03200017996132374, 0.03200039975345135, 0.03198830038309097, 0.031998733058571815, 0.03198984861373901, 0.031980559974908826, 0.03195987828075886, 0.03199254870414734, 0.0319746520370245, 0.03196518458425999, 0.03195520415902138, 0.031987779587507245, 0.031954214349389075], "recon_loss": [0.16764533830185732, 0.03505753477414449, 0.031114395190444257, 0.030776820455988247, 0.03063431630531947, 0.03054103845109542, 0.030583190214302804, 0.030646003368828032, 0.03065340303712421, 0.03049584115958876, 0.03047021312846078, 0.03041275031864643, 0.030305085600250296, 0.030603035042683285, 0.03040273001210557, 0.03037427707264821, 0.030507794788314238, 0.030561822776993115, 0.030446095599068537, 0.030516296418176755, 0.030495487463970978, 0.030402975777784984, 0.030575581929749913, 0.030577236062122717, 0.03044841955933306], "kl_loss": [0.021159505885508325, 0.0021446221508085728, 0.0006994825477401415, 0.00037243237925900356, 0.00025033410121169355, 0.0001836143589268128, 0.0001425304605315129, 0.00011396640911698341, 8.965048214627637e-05, 7.372455567949348e-05, 6.211003185146385e-05, 5.289995008044773e-05, 4.676015426715215e-05, 3.8784100777573054e-05, 3.3280450022882884e-05, 2.8457078668806287e-05, 2.5906858758793936e-05, 2.1485456575949986e-05, 1.871803154548009e-05, 1.725096565981706e-05, 1.5886681568291453e-05, 1.437783551712831e-05, 1.317278171579043e-05, 1.2045286388860808e-05, 1.1101520309845606e-05], "beta": [0.06666666666666667, 0.13333333333333333, 0.2, 0.26666666666666666, 0.3333333333333333, 0.4, 0.4666666666666667, 0.5333333333333333, 0.6, 0.6666666666666666, 0.7333333333333333, 0.8, 0.8666666666666667, 0.9333333333333333, 1.0, 1.0, 1.0, 1.0, 1.0, 1.0, 1.0, 1.0, 1.0, 1.0, 1.0]}